Method;Job;AnalyzeLaunchVariance;EvaluateOverhead;MaxAbsoluteError;MaxRelativeError;MinInvokeCount;MinIterationTime;OutlierMode;Affinity;EnvironmentVariables;Jit;LargeAddressAware;Platform;PowerPlanMode;Runtime;AllowVeryLargeObjects;Concurrent;CpuGroups;Force;HeapAffinitizeMask;HeapCount;NoAffinitize;RetainVm;Server;Arguments;BuildConfiguration;Clock;EngineFactory;NuGetReferences;Toolchain;IsMutator;InvocationCount;IterationCount;IterationTime;LaunchCount;MaxIterationCount;MaxWarmupIterationCount;MemoryRandomization;MinIterationCount;MinWarmupIterationCount;RunStrategy;UnrollFactor;WarmupCount;Mean;Error;StdDev;Gen0;Allocated
EmptyApiCallback;ShortRun;False;Default;Default;Default;Default;Default;Default;1111111111111111;Empty;RyuJit;Default;X64;8c5e7fda-e8bf-4a96-9a85-a6e23a8c635c;.NET 8.0;False;True;False;True;Default;Default;False;False;False;Default;Default;Default;Default;Default;Default;Default;Default;3;Default;1;Default;Default;Default;Default;Default;Default;16;3;2.481 ns;2.4479 ns;0.1342 ns;0.0006;32 B
EmptyApiComponents;ShortRun;False;Default;Default;Default;Default;Default;Default;1111111111111111;Empty;RyuJit;Default;X64;8c5e7fda-e8bf-4a96-9a85-a6e23a8c635c;.NET 8.0;False;True;False;True;Default;Default;False;False;False;Default;Default;Default;Default;Default;Default;Default;Default;3;Default;1;Default;Default;Default;Default;Default;Default;16;3;3.910 ns;4.3307 ns;0.2374 ns;0.0022;112 B
EmptyApiContact;ShortRun;False;Default;Default;Default;Default;Default;Default;1111111111111111;Empty;RyuJit;Default;X64;8c5e7fda-e8bf-4a96-9a85-a6e23a8c635c;.NET 8.0;False;True;False;True;Default;Default;False;False;False;Default;Default;Default;Default;Default;Default;Default;Default;3;Default;1;Default;Default;Default;Default;Default;Default;16;3;2.981 ns;4.8406 ns;0.2653 ns;0.0010;48 B
EmptyApiDiscriminator;ShortRun;False;Default;Default;Default;Default;Default;Default;1111111111111111;Empty;RyuJit;Default;X64;8c5e7fda-e8bf-4a96-9a85-a6e23a8c635c;.NET 8.0;False;True;False;True;Default;Default;False;False;False;Default;Default;Default;Default;Default;Default;Default;Default;3;Default;1;Default;Default;Default;Default;Default;Default;16;3;3.296 ns;6.4020 ns;0.3509 ns;0.0010;48 B
EmptyDocument;ShortRun;False;Default;Default;Default;Default;Default;Default;1111111111111111;Empty;RyuJit;Default;X64;8c5e7fda-e8bf-4a96-9a85-a6e23a8c635c;.NET 8.0;False;True;False;True;Default;Default;False;False;False;Default;Default;Default;Default;Default;Default;Default;Default;3;Default;1;Default;Default;Default;Default;Default;Default;16;3;281.238 ns;100.5558 ns;5.5118 ns;0.0224;1144 B
EmptyApiEncoding;ShortRun;False;Default;Default;Default;Default;Default;Default;1111111111111111;Empty;RyuJit;Default;X64;8c5e7fda-e8bf-4a96-9a85-a6e23a8c635c;.NET 8.0;False;True;False;True;Default;Default;False;False;False;Default;Default;Default;Default;Default;Default;Default;Default;3;Default;1;Default;Default;Default;Default;Default;Default;16;3;4.607 ns;6.0391 ns;0.3310 ns;0.0016;80 B
EmptyApiExample;ShortRun;False;Default;Default;Default;Default;Default;Default;1111111111111111;Empty;RyuJit;Default;X64;8c5e7fda-e8bf-4a96-9a85-a6e23a8c635c;.NET 8.0;False;True;False;True;Default;Default;False;False;False;Default;Default;Default;Default;Default;Default;Default;Default;3;Default;1;Default;Default;Default;Default;Default;Default;16;3;3.147 ns;3.6035 ns;0.1975 ns;0.0014;72 B
EmptyApiExternalDocs;ShortRun;False;Default;Default;Default;Default;Default;Default;1111111111111111;Empty;RyuJit;Default;X64;8c5e7fda-e8bf-4a96-9a85-a6e23a8c635c;.NET 8.0;False;True;False;True;Default;Default;False;False;False;Default;Default;Default;Default;Default;Default;Default;Default;3;Default;1;Default;Default;Default;Default;Default;Default;16;3;3.121 ns;3.3864 ns;0.1856 ns;0.0008;40 B
EmptyApiHeader;ShortRun;False;Default;Default;Default;Default;Default;Default;1111111111111111;Empty;RyuJit;Default;X64;8c5e7fda-e8bf-4a96-9a85-a6e23a8c635c;.NET 8.0;False;True;False;True;Default;Default;False;False;False;Default;Default;Default;Default;Default;Default;Default;Default;3;Default;1;Default;Default;Default;Default;Default;Default;16;3;3.131 ns;3.3111 ns;0.1815 ns;0.0016;80 B
EmptyApiInfo;ShortRun;False;Default;Default;Default;Default;Default;Default;1111111111111111;Empty;RyuJit;Default;X64;8c5e7fda-e8bf-4a96-9a85-a6e23a8c635c;.NET 8.0;False;True;False;True;Default;Default;False;False;False;Default;Default;Default;Default;Default;Default;Default;Default;3;Default;1;Default;Default;Default;Default;Default;Default;16;3;3.308 ns;1.7112 ns;0.0938 ns;0.0016;80 B
EmptyApiLicense;ShortRun;False;Default;Default;Default;Default;Default;Default;1111111111111111;Empty;RyuJit;Default;X64;8c5e7fda-e8bf-4a96-9a85-a6e23a8c635c;.NET 8.0;False;True;False;True;Default;Default;False;False;False;Default;Default;Default;Default;Default;Default;Default;Default;3;Default;1;Default;Default;Default;Default;Default;Default;16;3;2.691 ns;4.2087 ns;0.2307 ns;0.0010;48 B
EmptyApiLink;ShortRun;False;Default;Default;Default;Default;Default;Default;1111111111111111;Empty;RyuJit;Default;X64;8c5e7fda-e8bf-4a96-9a85-a6e23a8c635c;.NET 8.0;False;True;False;True;Default;Default;False;False;False;Default;Default;Default;Default;Default;Default;Default;Default;3;Default;1;Default;Default;Default;Default;Default;Default;16;3;2.905 ns;2.2682 ns;0.1243 ns;0.0014;72 B
EmptyApiMediaType;ShortRun;False;Default;Default;Default;Default;Default;Default;1111111111111111;Empty;RyuJit;Default;X64;8c5e7fda-e8bf-4a96-9a85-a6e23a8c635c;.NET 8.0;False;True;False;True;Default;Default;False;False;False;Default;Default;Default;Default;Default;Default;Default;Default;3;Default;1;Default;Default;Default;Default;Default;Default;16;3;2.913 ns;0.5192 ns;0.0285 ns;0.0016;80 B
EmptyApiOAuthFlow;ShortRun;False;Default;Default;Default;Default;Default;Default;1111111111111111;Empty;RyuJit;Default;X64;8c5e7fda-e8bf-4a96-9a85-a6e23a8c635c;.NET 8.0;False;True;False;True;Default;Default;False;False;False;Default;Default;Default;Default;Default;Default;Default;Default;3;Default;1;Default;Default;Default;Default;Default;Default;16;3;2.953 ns;3.7799 ns;0.2072 ns;0.0013;64 B
EmptyApiOAuthFlows;ShortRun;False;Default;Default;Default;Default;Default;Default;1111111111111111;Empty;RyuJit;Default;X64;8c5e7fda-e8bf-4a96-9a85-a6e23a8c635c;.NET 8.0;False;True;False;True;Default;Default;False;False;False;Default;Default;Default;Default;Default;Default;Default;Default;3;Default;1;Default;Default;Default;Default;Default;Default;16;3;3.036 ns;3.0146 ns;0.1652 ns;0.0013;64 B
EmptyApiOperation;ShortRun;False;Default;Default;Default;Default;Default;Default;1111111111111111;Empty;RyuJit;Default;X64;8c5e7fda-e8bf-4a96-9a85-a6e23a8c635c;.NET 8.0;False;True;False;True;Default;Default;False;False;False;Default;Default;Default;Default;Default;Default;Default;Default;3;Default;1;Default;Default;Default;Default;Default;Default;16;3;38.837 ns;31.5235 ns;1.7279 ns;0.0075;376 B
EmptyApiParameter;ShortRun;False;Default;Default;Default;Default;Default;Default;1111111111111111;Empty;RyuJit;Default;X64;8c5e7fda-e8bf-4a96-9a85-a6e23a8c635c;.NET 8.0;False;True;False;True;Default;Default;False;False;False;Default;Default;Default;Default;Default;Default;Default;Default;3;Default;1;Default;Default;Default;Default;Default;Default;16;3;3.504 ns;3.0887 ns;0.1693 ns;0.0019;96 B
EmptyApiPathItem;ShortRun;False;Default;Default;Default;Default;Default;Default;1111111111111111;Empty;RyuJit;Default;X64;8c5e7fda-e8bf-4a96-9a85-a6e23a8c635c;.NET 8.0;False;True;False;True;Default;Default;False;False;False;Default;Default;Default;Default;Default;Default;Default;Default;3;Default;1;Default;Default;Default;Default;Default;Default;16;3;2.944 ns;1.3680 ns;0.0750 ns;0.0013;64 B
EmptyApiPaths;ShortRun;False;Default;Default;Default;Default;Default;Default;1111111111111111;Empty;RyuJit;Default;X64;8c5e7fda-e8bf-4a96-9a85-a6e23a8c635c;.NET 8.0;False;True;False;True;Default;Default;False;False;False;Default;Default;Default;Default;Default;Default;Default;Default;3;Default;1;Default;Default;Default;Default;Default;Default;16;3;48.388 ns;15.6882 ns;0.8599 ns;0.0049;248 B
EmptyApiRequestBody;ShortRun;False;Default;Default;Default;Default;Default;Default;1111111111111111;Empty;RyuJit;Default;X64;8c5e7fda-e8bf-4a96-9a85-a6e23a8c635c;.NET 8.0;False;True;False;True;Default;Default;False;False;False;Default;Default;Default;Default;Default;Default;Default;Default;3;Default;1;Default;Default;Default;Default;Default;Default;16;3;3.099 ns;1.8840 ns;0.1033 ns;0.0010;48 B
EmptyApiResponse;ShortRun;False;Default;Default;Default;Default;Default;Default;1111111111111111;Empty;RyuJit;Default;X64;8c5e7fda-e8bf-4a96-9a85-a6e23a8c635c;.NET 8.0;False;True;False;True;Default;Default;False;False;False;Default;Default;Default;Default;Default;Default;Default;Default;3;Default;1;Default;Default;Default;Default;Default;Default;16;3;3.291 ns;3.0696 ns;0.1683 ns;0.0013;64 B
EmptyApiResponses;ShortRun;False;Default;Default;Default;Default;Default;Default;1111111111111111;Empty;RyuJit;Default;X64;8c5e7fda-e8bf-4a96-9a85-a6e23a8c635c;.NET 8.0;False;True;False;True;Default;Default;False;False;False;Default;Default;Default;Default;Default;Default;Default;Default;3;Default;1;Default;Default;Default;Default;Default;Default;16;3;35.719 ns;19.9628 ns;1.0942 ns;0.0049;248 B
EmptyApiSchema;ShortRun;False;Default;Default;Default;Default;Default;Default;1111111111111111;Empty;RyuJit;Default;X64;8c5e7fda-e8bf-4a96-9a85-a6e23a8c635c;.NET 8.0;False;True;False;True;Default;Default;False;False;False;Default;Default;Default;Default;Default;Default;Default;Default;3;Default;1;Default;Default;Default;Default;Default;Default;16;3;7.969 ns;7.7347 ns;0.4240 ns;0.0083;416 B
EmptyApiSecurityRequirement;ShortRun;False;Default;Default;Default;Default;Default;Default;1111111111111111;Empty;RyuJit;Default;X64;8c5e7fda-e8bf-4a96-9a85-a6e23a8c635c;.NET 8.0;False;True;False;True;Default;Default;False;False;False;Default;Default;Default;Default;Default;Default;Default;Default;3;Default;1;Default;Default;Default;Default;Default;Default;16;3;6.886 ns;4.1945 ns;0.2299 ns;0.0021;104 B
EmptyApiSecurityScheme;ShortRun;False;Default;Default;Default;Default;Default;Default;1111111111111111;Empty;RyuJit;Default;X64;8c5e7fda-e8bf-4a96-9a85-a6e23a8c635c;.NET 8.0;False;True;False;True;Default;Default;False;False;False;Default;Default;Default;Default;Default;Default;Default;Default;3;Default;1;Default;Default;Default;Default;Default;Default;16;3;3.797 ns;4.6495 ns;0.2549 ns;0.0021;104 B
EmptyApiServer;ShortRun;False;Default;Default;Default;Default;Default;Default;1111111111111111;Empty;RyuJit;Default;X64;8c5e7fda-e8bf-4a96-9a85-a6e23a8c635c;.NET 8.0;False;True;False;True;Default;Default;False;False;False;Default;Default;Default;Default;Default;Default;Default;Default;3;Default;1;Default;Default;Default;Default;Default;Default;16;3;2.820 ns;4.7039 ns;0.2578 ns;0.0011;56 B
EmptyApiServerVariable;ShortRun;False;Default;Default;Default;Default;Default;Default;1111111111111111;Empty;RyuJit;Default;X64;8c5e7fda-e8bf-4a96-9a85-a6e23a8c635c;.NET 8.0;False;True;False;True;Default;Default;False;False;False;Default;Default;Default;Default;Default;Default;Default;Default;3;Default;1;Default;Default;Default;Default;Default;Default;16;3;2.612 ns;1.2550 ns;0.0688 ns;0.0010;48 B
EmptyApiTag;ShortRun;False;Default;Default;Default;Default;Default;Default;1111111111111111;Empty;RyuJit;Default;X64;8c5e7fda-e8bf-4a96-9a85-a6e23a8c635c;.NET 8.0;False;True;False;True;Default;Default;False;False;False;Default;Default;Default;Default;Default;Default;Default;Default;3;Default;1;Default;Default;Default;Default;Default;Default;16;3;3.019 ns;4.3093 ns;0.2362 ns;0.0014;72 B
